{
  "true_effects": {
    "region_1": 51773.40164157738,
    "region_2": 53539.92701058218,
    "region_3": 36036.11098287955,
    "region_4": 38398.24114421558,
    "region_5": 32205.727707464408
  },
  "true_total": 211953.4084867191,
  "campaign_start": 120
}