{
  "method": "Bayesian structural time-series counterfactual (PyMC) with MinT reconciliation",
  "growth": {
    "cumulative_effect_mean": 78810.0929078305,
    "cumulative_effect_ci": [
      67996.67519093765,
      88607.27873476475
    ],
    "relative_lift_mean": 0.12706676641822698,
    "relative_lift_ci": [
      0.10768853915747613,
      0.14506539898493737
    ],
    "truth_comparison": {
      "true_cumulative_effect": 85474.79085178357,
      "true_relative_lift": 0.13922298138464748,
      "estimated_cumulative_effect": 78810.0929078305,
      "estimated_relative_lift": 0.12706676641822698,
      "cumulative_effect_lo": 67996.67519093765,
      "cumulative_effect_hi": 88607.27873476475,
      "cumulative_abs_error": 6664.69794395307,
      "cumulative_pct_error": 0.07797267331732816,
      "relative_lift_abs_error": 0.012156214966420498,
      "true_effect_covered": true
    },
    "include_annual": false,
    "include_weekly": true,
    "convergence": {
      "max_rhat": 1.0096697726044306,
      "min_ess_bulk": 549.432048154939,
      "min_ess_tail": 718.6274307466219,
      "divergences": 0,
      "n_samples": 2000,
      "bfmi_per_chain": [
        0.9272093767191805,
        0.9656424589832464
      ],
      "min_bfmi": 0.9272093767191805,
      "n_chains": 2,
      "n_draws": 1000
    }
  },
  "decline": {
    "cumulative_effect_mean": 112857.51960174106,
    "cumulative_effect_ci": [
      83828.89414894459,
      143499.18146364452
    ],
    "relative_lift_mean": 0.2807643981018052,
    "relative_lift_ci": [
      0.19336407768861813,
      0.3838328775466299
    ],
    "truth_comparison": {
      "true_cumulative_effect": 106183.14991648009,
      "true_relative_lift": 0.2582434964894812,
      "estimated_cumulative_effect": 112857.51960174106,
      "estimated_relative_lift": 0.2807643981018052,
      "cumulative_effect_lo": 83828.89414894459,
      "cumulative_effect_hi": 143499.18146364452,
      "cumulative_abs_error": 6674.369685260972,
      "cumulative_pct_error": 0.06285714532400663,
      "relative_lift_abs_error": 0.022520901612324007,
      "true_effect_covered": true
    },
    "include_annual": false,
    "include_weekly": true,
    "convergence": {
      "max_rhat": 1.0126550163231935,
      "min_ess_bulk": 432.77162946099673,
      "min_ess_tail": 602.7105074581225,
      "divergences": 1,
      "n_samples": 2000,
      "bfmi_per_chain": [
        0.9178170944578079,
        0.9143434481969291
      ],
      "min_bfmi": 0.9143434481969291,
      "n_chains": 2,
      "n_draws": 1000
    }
  },
  "annual_demo": {
    "cumulative_effect_mean": 169756.4097524411,
    "cumulative_effect_ci": [
      67226.7515937392,
      277321.79813490616
    ],
    "relative_lift_mean": 0.15111924800080118,
    "relative_lift_ci": [
      0.054040799921386044,
      0.2682275736255286
    ],
    "truth_comparison": {
      "true_cumulative_effect": 173682.8816150469,
      "true_relative_lift": 0.15268236700699353,
      "estimated_cumulative_effect": 169756.4097524411,
      "estimated_relative_lift": 0.15111924800080118,
      "cumulative_effect_lo": 67226.7515937392,
      "cumulative_effect_hi": 277321.79813490616,
      "cumulative_abs_error": 3926.471862605802,
      "cumulative_pct_error": 0.02260713218305813,
      "relative_lift_abs_error": 0.0015631190061923539,
      "true_effect_covered": true
    },
    "include_annual": true,
    "include_weekly": true,
    "convergence": {
      "max_rhat": 1.0102457032719883,
      "min_ess_bulk": 476.1599478259027,
      "min_ess_tail": 694.0274825084123,
      "divergences": 0,
      "n_samples": 2000,
      "bfmi_per_chain": [
        0.8759503940356084,
        0.8880278337422679
      ],
      "min_bfmi": 0.8759503940356084,
      "n_chains": 2,
      "n_draws": 1000
    }
  },
  "coverage": {
    "n_campaigns": 40,
    "aware": {
      "coverage_95": 1.0,
      "n": 40,
      "mean_abs_pct_error": 0.061296043862894355,
      "median_abs_pct_error": 0.033964733997035944,
      "mean_signed_pct_error": -0.03462361847787248,
      "mean_rel_lift_abs_error": 0.011754980003174431,
      "mean_interval_width": 35473.894030287556
    },
    "blind": {
      "coverage_95": 1.0,
      "n": 40,
      "mean_abs_pct_error": 0.07238472563577433,
      "median_abs_pct_error": 0.045582199138094685,
      "mean_signed_pct_error": 0.006981701739342687,
      "mean_rel_lift_abs_error": 0.013687319636378006,
      "mean_interval_width": 52959.839001071174
    },
    "worst_rhat": 1.0895330182763971,
    "total_divergences": 110
  },
  "prior_sensitivity": {
    "normal": {
      "cumulative_effect_mean": 78810.0929078305,
      "cumulative_effect_lo": 67996.67519093765,
      "cumulative_effect_hi": 88607.27873476475,
      "relative_lift_mean": 0.12706676641822698,
      "true_cumulative_effect": 85474.79085178357,
      "covered": true,
      "max_rhat": 1.0096697726044306,
      "divergences": 0
    },
    "laplace": {
      "cumulative_effect_mean": 78996.22695277673,
      "cumulative_effect_lo": 68612.66338389002,
      "cumulative_effect_hi": 89036.30000177422,
      "relative_lift_mean": 0.1274024069100988,
      "true_cumulative_effect": 85474.79085178357,
      "covered": true,
      "max_rhat": 1.0078950357874463,
      "divergences": 0
    },
    "horseshoe": {
      "cumulative_effect_mean": 78997.41499073376,
      "cumulative_effect_lo": 68677.21056058959,
      "cumulative_effect_hi": 88897.78010489108,
      "relative_lift_mean": 0.1274100741566644,
      "true_cumulative_effect": 85474.79085178357,
      "covered": true,
      "max_rhat": 1.01086711910179,
      "divergences": 46
    }
  },
  "multi_region": {
    "illustrative": {
      "names": [
        "region_1",
        "region_2",
        "region_3",
        "region_4",
        "region_5"
      ],
      "summing_matrix": [
        [
          1.0,
          1.0,
          1.0,
          1.0,
          1.0
        ],
        [
          1.0,
          0.0,
          0.0,
          0.0,
          0.0
        ],
        [
          0.0,
          1.0,
          0.0,
          0.0,
          0.0
        ],
        [
          0.0,
          0.0,
          1.0,
          0.0,
          0.0
        ],
        [
          0.0,
          0.0,
          0.0,
          1.0,
          0.0
        ],
        [
          0.0,
          0.0,
          0.0,
          0.0,
          1.0
        ]
      ],
      "incoherence_gap": -10718.226506516716,
      "true_top": 211953.4084867191,
      "true_bottom": [
        51773.40164157738,
        53539.92701058218,
        36036.11098287955,
        38398.24114421558,
        32205.727707464408
      ],
      "base": {
        "top": 217767.8455239737,
        "bottom": [
          55514.861810527895,
          49105.82414325564,
          33007.20411839258,
          38131.35809603803,
          31290.370849242845
        ],
        "bottom_sum": 207049.61901745698
      },
      "mint": {
        "bottom": [
          55806.11152790977,
          50612.370977365295,
          33571.344052787725,
          38250.23850945934,
          31365.61095044204
        ],
        "top": 209605.67601796414,
        "error_vs_true_top": -2347.7324687549553
      },
      "bottom_up": {
        "bottom": [
          55514.861810527895,
          49105.82414325564,
          33007.20411839258,
          38131.35809603803,
          31290.370849242845
        ],
        "top": 207049.619017457,
        "error_vs_true_top": -4903.78946926209
      },
      "aggregate_only": {
        "bottom": [
          58388.66986768276,
          51647.85898714596,
          34715.87033940087,
          40105.283645932315,
          32910.16268381181
        ],
        "top": 217767.8455239737,
        "error_vs_true_top": 5814.437037254596
      },