{
  "illustrative": {
    "names": [
      "region_1",
      "region_2",
      "region_3",
      "region_4",
      "region_5"
    ],
    "summing_matrix": [
      [
        1.0,
        1.0,
        1.0,
        1.0,
        1.0
      ],
      [
        1.0,
        0.0,
        0.0,
        0.0,
        0.0
      ],
      [
        0.0,
        1.0,
        0.0,
        0.0,
        0.0
      ],
      [
        0.0,
        0.0,
        1.0,
        0.0,
        0.0
      ],
      [
        0.0,
        0.0,
        0.0,
        1.0,
        0.0
      ],
      [
        0.0,
        0.0,
        0.0,
        0.0,
        1.0
      ]
    ],
    "incoherence_gap": -10718.226506516716,
    "true_top": 211953.4084867191,
    "true_bottom": [
      51773.40164157738,
      53539.92701058218,
      36036.11098287955,
      38398.24114421558,
      32205.727707464408
    ],
    "base": {
      "top": 217767.8455239737,
      "bottom": [
        55514.861810527895,
        49105.82414325564,
        33007.20411839258,
        38131.35809603803,
        31290.370849242845
      ],
      "bottom_sum": 207049.61901745698
    },
    "mint": {
      "bottom": [
        55806.11152790977,
        50612.370977365295,
        33571.344052787725,
        38250.23850945934,
        31365.61095044204
      ],
      "top": 209605.67601796414,
      "error_vs_true_top": -2347.7324687549553
    },
    "bottom_up": {
      "bottom": [
        55514.861810527895,
        49105.82414325564,
        33007.20411839258,
        38131.35809603803,
        31290.370849242845
      ],
      "top": 207049.619017457,
      "error_vs_true_top": -4903.78946926209
    },
    "aggregate_only": {
      "bottom": [
        58388.66986768276,
        51647.85898714596,
        34715.87033940087,
        40105.283645932315,
        32910.16268381181
      ],
      "top": 217767.8455239737,
      "error_vs_true_top": 5814.437037254596
    },
    "var_all": [
      626413309.4239783,
      22352231.13164453,
      115621341.53940536,
      43295445.28847335,
      9123588.176171726,
      5774371.722968828
    ]
  },
  "monte_carlo": {
    "n_runs": 12,
    "true_top": 238909.2469559923,
    "incoherence_gap": {
      "mean": -873.6600044897374,
      "std": 7582.390299477476,
      "median": -3192.4726395401813,
      "p05": -9325.73857255033,
      "p95": 12453.96895987746
    },
    "signed_error": {
      "bottom_up": {
        "mean": -1730.6182051648527,
        "std": 7619.421729524234,
        "median": 521.1599057123967,
        "p05": -11136.50389307338,
        "p95": 9298.98467105778
      },
      "aggregate_only": {
        "mean": -856.9582006751103,
        "std": 11453.51585107269,
        "median": -4314.28344486405,
        "p05": -14642.542952271426,
        "p95": 18290.171923350517
      },
      "mint": {
        "mean": -1597.06687952678,
        "std": 8188.975307257868,
        "median": -3848.7758728351328,
        "p05": -11485.839591870263,
        "p95": 11868.597638762838
      }
    },
    "abs_error": {
      "bottom_up": {
        "mean": 6158.378719521951,
        "std": 4466.485230363958,
        "median": 7222.0962502310285,
        "p05": 843.9792382541768,
        "p95": 12529.358508419109
      },
      "aggregate_only": {
        "mean": 9556.629296814566,
        "std": 5687.912582039414,
        "median": 7374.71670931534,
        "p05": 3800.495359313171,
        "p95": 18290.171923350517
      },
      "mint": {
        "mean": 6926.327643913159,
        "std": 4184.079982003426,
        "median": 6390.866090526208,
        "p05": 2044.7474592094106,
        "p95": 13718.158607245803
      }
    },
    "abs_error_mean": {
      "bottom_up": 6158.378719521951,
      "aggregate_only": 9556.629296814566,
      "mint": 6926.327643913159
    }
  }
}